importAction,cityId,sourceCityId,countryIso2,countryIso3,countryNameEn,countryNameAr,continent,continentAr,subregion,subregionAr,regionCode,regionNameEn,regionNameAr,regionMatchStatus,cityNameEn,cityNameAr,localName,cityAscii,capitalRole,cityType,isCountryCapital,isAdministrativeCapital,isMajorCity,isStudyCityCandidate,isUniversityCityCandidate,isTestCenterCityCandidate,latitude,longitude,timezone,population,populationTier,selectionRankInCountry,sourceType,sourceUrl,sourceDataset,verificationStatus,translationStatus,lastImportedAt,notes
UPSERT,city_au_canberra,1036142029,AU,AUS,Australia,أستراليا,Oceania,أوقيانوسيا,Australia and New Zealand,أستراليا ونيوزيلندا,AU-ACT,Australian Capital Territory,,MATCHED_BY_NORMALIZED_NAME,Canberra,,Canberra,Canberra,primary,CAPITAL_CITY,true,false,true,true,NEEDS_REVIEW,NEEDS_REVIEW,-35.2931,149.1269,,381488,MEDIUM_100K_PLUS,1,MANUAL_FILE_SOURCE,https://gist.github.com/Shokr/9bb67b4e1fa696113780586075cc8be5,worldcities.csv public world cities dataset; filtered for official major/study-city candidates,NEEDS_MANUAL_REVIEW,PARTIAL_AR_TRANSLATION,2026-08-05,"Selected as major/capital/admin/study-city candidate. Excludes villages/towns by quota/filter, but requires manual review before publishing."
UPSERT,city_au_melbourne,1036533631,AU,AUS,Australia,أستراليا,Oceania,أوقيانوسيا,Australia and New Zealand,أستراليا ونيوزيلندا,AU-VIC,Victoria,,MATCHED_BY_NORMALIZED_NAME,Melbourne,,Melbourne,Melbourne,admin,ADMIN_CAPITAL,false,true,true,true,NEEDS_REVIEW,NEEDS_REVIEW,-37.8142,144.9631,,5031195,VERY_LARGE_5M_PLUS,2,MANUAL_FILE_SOURCE,https://gist.github.com/Shokr/9bb67b4e1fa696113780586075cc8be5,worldcities.csv public world cities dataset; filtered for official major/study-city candidates,NEEDS_MANUAL_REVIEW,PARTIAL_AR_TRANSLATION,2026-08-05,"Selected as major/capital/admin/study-city candidate. Excludes villages/towns by quota/filter, but requires manual review before publishing."
UPSERT,city_au_sydney,1036074917,AU,AUS,Australia,أستراليا,Oceania,أوقيانوسيا,Australia and New Zealand,أستراليا ونيوزيلندا,AU-NSW,New South Wales,,MATCHED_BY_NORMALIZED_NAME,Sydney,,Sydney,Sydney,admin,ADMIN_CAPITAL,false,true,true,true,NEEDS_REVIEW,NEEDS_REVIEW,-33.8678,151.2100,,4840600,LARGE_1M_PLUS,3,MANUAL_FILE_SOURCE,https://gist.github.com/Shokr/9bb67b4e1fa696113780586075cc8be5,worldcities.csv public world cities dataset; filtered for official major/study-city candidates,NEEDS_MANUAL_REVIEW,PARTIAL_AR_TRANSLATION,2026-08-05,"Selected as major/capital/admin/study-city candidate. Excludes villages/towns by quota/filter, but requires manual review before publishing."
UPSERT,city_au_brisbane,1036192929,AU,AUS,Australia,أستراليا,Oceania,أوقيانوسيا,Australia and New Zealand,أستراليا ونيوزيلندا,AU-QLD,Queensland,,MATCHED_BY_NORMALIZED_NAME,Brisbane,,Brisbane,Brisbane,admin,ADMIN_CAPITAL,false,true,true,true,NEEDS_REVIEW,NEEDS_REVIEW,-27.4678,153.0281,,2360241,LARGE_1M_PLUS,4,MANUAL_FILE_SOURCE,https://gist.github.com/Shokr/9bb67b4e1fa696113780586075cc8be5,worldcities.csv public world cities dataset; filtered for official major/study-city candidates,NEEDS_MANUAL_REVIEW,PARTIAL_AR_TRANSLATION,2026-08-05,"Selected as major/capital/admin/study-city candidate. Excludes villages/towns by quota/filter, but requires manual review before publishing."
UPSERT,city_au_perth,1036178956,AU,AUS,Australia,أستراليا,Oceania,أوقيانوسيا,Australia and New Zealand,أستراليا ونيوزيلندا,AU-WA,Western Australia,,MATCHED_BY_NORMALIZED_NAME,Perth,,Perth,Perth,admin,ADMIN_CAPITAL,false,true,true,true,NEEDS_REVIEW,NEEDS_REVIEW,-31.9559,115.8606,,2141834,LARGE_1M_PLUS,5,MANUAL_FILE_SOURCE,https://gist.github.com/Shokr/9bb67b4e1fa696113780586075cc8be5,worldcities.csv public world cities dataset; filtered for official major/study-city candidates,NEEDS_MANUAL_REVIEW,PARTIAL_AR_TRANSLATION,2026-08-05,"Selected as major/capital/admin/study-city candidate. Excludes villages/towns by quota/filter, but requires manual review before publishing."
UPSERT,city_au_adelaide,1036538171,AU,AUS,Australia,أستراليا,Oceania,أوقيانوسيا,Australia and New Zealand,أستراليا ونيوزيلندا,AU-SA,South Australia,,MATCHED_BY_NORMALIZED_NAME,Adelaide,,Adelaide,Adelaide,admin,ADMIN_CAPITAL,false,true,true,true,NEEDS_REVIEW,NEEDS_REVIEW,-34.9275,138.6000,,1295714,LARGE_1M_PLUS,6,MANUAL_FILE_SOURCE,https://gist.github.com/Shokr/9bb67b4e1fa696113780586075cc8be5,worldcities.csv public world cities dataset; filtered for official major/study-city candidates,NEEDS_MANUAL_REVIEW,PARTIAL_AR_TRANSLATION,2026-08-05,"Selected as major/capital/admin/study-city candidate. Excludes villages/towns by quota/filter, but requires manual review before publishing."
UPSERT,city_au_hobart,1036679838,AU,AUS,Australia,أستراليا,Oceania,أوقيانوسيا,Australia and New Zealand,أستراليا ونيوزيلندا,AU-TAS,Tasmania,,MATCHED_BY_NORMALIZED_NAME,Hobart,,Hobart,Hobart,admin,ADMIN_CAPITAL,false,true,true,true,NEEDS_REVIEW,NEEDS_REVIEW,-42.8806,147.3250,,197451,MEDIUM_100K_PLUS,7,MANUAL_FILE_SOURCE,https://gist.github.com/Shokr/9bb67b4e1fa696113780586075cc8be5,worldcities.csv public world cities dataset; filtered for official major/study-city candidates,NEEDS_MANUAL_REVIEW,PARTIAL_AR_TRANSLATION,2026-08-05,"Selected as major/capital/admin/study-city candidate. Excludes villages/towns by quota/filter, but requires manual review before publishing."
UPSERT,city_au_darwin,1036497565,AU,AUS,Australia,أستراليا,Oceania,أوقيانوسيا,Australia and New Zealand,أستراليا ونيوزيلندا,AU-NT,Northern Territory,,MATCHED_BY_NORMALIZED_NAME,Darwin,,Darwin,Darwin,admin,ADMIN_CAPITAL,false,true,true,true,NEEDS_REVIEW,NEEDS_REVIEW,-12.4381,130.8411,,139902,MEDIUM_100K_PLUS,8,MANUAL_FILE_SOURCE,https://gist.github.com/Shokr/9bb67b4e1fa696113780586075cc8be5,worldcities.csv public world cities dataset; filtered for official major/study-city candidates,NEEDS_MANUAL_REVIEW,PARTIAL_AR_TRANSLATION,2026-08-05,"Selected as major/capital/admin/study-city candidate. Excludes villages/towns by quota/filter, but requires manual review before publishing."
UPSERT,city_au_gold_coast,1036153217,AU,AUS,Australia,أستراليا,Oceania,أوقيانوسيا,Australia and New Zealand,أستراليا ونيوزيلندا,AU-QLD,Queensland,,MATCHED_BY_NORMALIZED_NAME,Gold Coast,,Gold Coast,Gold Coast,,MAJOR_CITY,false,false,true,true,NEEDS_REVIEW,NEEDS_REVIEW,-28.0167,153.4000,,607665,MAJOR_500K_PLUS,9,MANUAL_FILE_SOURCE,https://gist.github.com/Shokr/9bb67b4e1fa696113780586075cc8be5,worldcities.csv public world cities dataset; filtered for official major/study-city candidates,NEEDS_MANUAL_REVIEW,PARTIAL_AR_TRANSLATION,2026-08-05,"Selected as major/capital/admin/study-city candidate. Excludes villages/towns by quota/filter, but requires manual review before publishing."
UPSERT,city_au_cranbourne,1036685862,AU,AUS,Australia,أستراليا,Oceania,أوقيانوسيا,Australia and New Zealand,أستراليا ونيوزيلندا,AU-VIC,Victoria,,MATCHED_BY_NORMALIZED_NAME,Cranbourne,,Cranbourne,Cranbourne,,MAJOR_CITY,false,false,true,true,NEEDS_REVIEW,NEEDS_REVIEW,-38.0996,145.2834,,460491,MEDIUM_100K_PLUS,10,MANUAL_FILE_SOURCE,https://gist.github.com/Shokr/9bb67b4e1fa696113780586075cc8be5,worldcities.csv public world cities dataset; filtered for official major/study-city candidates,NEEDS_MANUAL_REVIEW,PARTIAL_AR_TRANSLATION,2026-08-05,"Selected as major/capital/admin/study-city candidate. Excludes villages/towns by quota/filter, but requires manual review before publishing."
UPSERT,city_au_central_coast,1036067845,AU,AUS,Australia,أستراليا,Oceania,أوقيانوسيا,Australia and New Zealand,أستراليا ونيوزيلندا,AU-NSW,New South Wales,,MATCHED_BY_NORMALIZED_NAME,Central Coast,,Central Coast,Central Coast,,MAJOR_CITY,false,false,true,true,NEEDS_REVIEW,NEEDS_REVIEW,-33.3000,151.2000,,346596,MEDIUM_100K_PLUS,11,MANUAL_FILE_SOURCE,https://gist.github.com/Shokr/9bb67b4e1fa696113780586075cc8be5,worldcities.csv public world cities dataset; filtered for official major/study-city candidates,NEEDS_MANUAL_REVIEW,PARTIAL_AR_TRANSLATION,2026-08-05,"Selected as major/capital/admin/study-city candidate. Excludes villages/towns by quota/filter, but requires manual review before publishing."
UPSERT,city_au_wollongong,1036502269,AU,AUS,Australia,أستراليا,Oceania,أوقيانوسيا,Australia and New Zealand,أستراليا ونيوزيلندا,AU-NSW,New South Wales,,MATCHED_BY_NORMALIZED_NAME,Wollongong,,Wollongong,Wollongong,,MAJOR_CITY,false,false,true,true,NEEDS_REVIEW,NEEDS_REVIEW,-34.4331,150.8831,,261896,MEDIUM_100K_PLUS,12,MANUAL_FILE_SOURCE,https://gist.github.com/Shokr/9bb67b4e1fa696113780586075cc8be5,worldcities.csv public world cities dataset; filtered for official major/study-city candidates,NEEDS_MANUAL_REVIEW,PARTIAL_AR_TRANSLATION,2026-08-05,"Selected as major/capital/admin/study-city candidate. Excludes villages/towns by quota/filter, but requires manual review before publishing."
UPSERT,city_au_ipswich,1036244388,AU,AUS,Australia,أستراليا,Oceania,أوقيانوسيا,Australia and New Zealand,أستراليا ونيوزيلندا,AU-QLD,Queensland,,MATCHED_BY_NORMALIZED_NAME,Ipswich,,Ipswich,Ipswich,,MAJOR_CITY,false,false,true,true,NEEDS_REVIEW,NEEDS_REVIEW,-27.6144,152.7608,,232930,MEDIUM_100K_PLUS,13,MANUAL_FILE_SOURCE,https://gist.github.com/Shokr/9bb67b4e1fa696113780586075cc8be5,worldcities.csv public world cities dataset; filtered for official major/study-city candidates,NEEDS_MANUAL_REVIEW,PARTIAL_AR_TRANSLATION,2026-08-05,"Selected as major/capital/admin/study-city candidate. Excludes villages/towns by quota/filter, but requires manual review before publishing."
UPSERT,city_au_geelong,1036870987,AU,AUS,Australia,أستراليا,Oceania,أوقيانوسيا,Australia and New Zealand,أستراليا ونيوزيلندا,AU-VIC,Victoria,,MATCHED_BY_NORMALIZED_NAME,Geelong,,Geelong,Geelong,,MAJOR_CITY,false,false,true,true,NEEDS_REVIEW,NEEDS_REVIEW,-38.1500,144.3500,,180239,MEDIUM_100K_PLUS,14,MANUAL_FILE_SOURCE,https://gist.github.com/Shokr/9bb67b4e1fa696113780586075cc8be5,worldcities.csv public world cities dataset; filtered for official major/study-city candidates,NEEDS_MANUAL_REVIEW,PARTIAL_AR_TRANSLATION,2026-08-05,"Selected as major/capital/admin/study-city candidate. Excludes villages/towns by quota/filter, but requires manual review before publishing."
UPSERT,city_au_townsville,1036500020,AU,AUS,Australia,أستراليا,Oceania,أوقيانوسيا,Australia and New Zealand,أستراليا ونيوزيلندا,AU-QLD,Queensland,,MATCHED_BY_NORMALIZED_NAME,Townsville,,Townsville,Townsville,,MAJOR_CITY,false,false,true,true,NEEDS_REVIEW,NEEDS_REVIEW,-19.2500,146.8167,,173724,MEDIUM_100K_PLUS,15,MANUAL_FILE_SOURCE,https://gist.github.com/Shokr/9bb67b4e1fa696113780586075cc8be5,worldcities.csv public world cities dataset; filtered for official major/study-city candidates,NEEDS_MANUAL_REVIEW,PARTIAL_AR_TRANSLATION,2026-08-05,"Selected as major/capital/admin/study-city candidate. Excludes villages/towns by quota/filter, but requires manual review before publishing."
UPSERT,city_au_newcastle,1036468001,AU,AUS,Australia,أستراليا,Oceania,أوقيانوسيا,Australia and New Zealand,أستراليا ونيوزيلندا,AU-NSW,New South Wales,,MATCHED_BY_NORMALIZED_NAME,Newcastle,,Newcastle,Newcastle,,MAJOR_CITY,false,false,true,true,NEEDS_REVIEW,NEEDS_REVIEW,-32.9167,151.7500,,152984,MEDIUM_100K_PLUS,16,MANUAL_FILE_SOURCE,https://gist.github.com/Shokr/9bb67b4e1fa696113780586075cc8be5,worldcities.csv public world cities dataset; filtered for official major/study-city candidates,NEEDS_MANUAL_REVIEW,PARTIAL_AR_TRANSLATION,2026-08-05,"Selected as major/capital/admin/study-city candidate. Excludes villages/towns by quota/filter, but requires manual review before publishing."
UPSERT,city_au_cairns,1036016939,AU,AUS,Australia,أستراليا,Oceania,أوقيانوسيا,Australia and New Zealand,أستراليا ونيوزيلندا,AU-QLD,Queensland,,MATCHED_BY_NORMALIZED_NAME,Cairns,,Cairns,Cairns,,MAJOR_CITY,false,false,true,true,NEEDS_REVIEW,NEEDS_REVIEW,-16.9200,145.7800,,146778,MEDIUM_100K_PLUS,17,MANUAL_FILE_SOURCE,https://gist.github.com/Shokr/9bb67b4e1fa696113780586075cc8be5,worldcities.csv public world cities dataset; filtered for official major/study-city candidates,NEEDS_MANUAL_REVIEW,PARTIAL_AR_TRANSLATION,2026-08-05,"Selected as major/capital/admin/study-city candidate. Excludes villages/towns by quota/filter, but requires manual review before publishing."
UPSERT,city_au_ballarat,1036567186,AU,AUS,Australia,أستراليا,Oceania,أوقيانوسيا,Australia and New Zealand,أستراليا ونيوزيلندا,AU-VIC,Victoria,,MATCHED_BY_NORMALIZED_NAME,Ballarat,,Ballarat,Ballarat,,MAJOR_CITY,false,false,true,true,NEEDS_REVIEW,NEEDS_REVIEW,-37.5608,143.8475,,116201,MEDIUM_100K_PLUS,18,MANUAL_FILE_SOURCE,https://gist.github.com/Shokr/9bb67b4e1fa696113780586075cc8be5,worldcities.csv public world cities dataset; filtered for official major/study-city candidates,NEEDS_MANUAL_REVIEW,PARTIAL_AR_TRANSLATION,2026-08-05,"Selected as major/capital/admin/study-city candidate. Excludes villages/towns by quota/filter, but requires manual review before publishing."
UPSERT,city_au_toowoomba,1036765315,AU,AUS,Australia,أستراليا,Oceania,أوقيانوسيا,Australia and New Zealand,أستراليا ونيوزيلندا,AU-QLD,Queensland,,MATCHED_BY_NORMALIZED_NAME,Toowoomba,,Toowoomba,Toowoomba,,MAJOR_CITY,false,false,true,true,NEEDS_REVIEW,NEEDS_REVIEW,-27.5667,151.9500,,108398,MEDIUM_100K_PLUS,19,MANUAL_FILE_SOURCE,https://gist.github.com/Shokr/9bb67b4e1fa696113780586075cc8be5,worldcities.csv public world cities dataset; filtered for official major/study-city candidates,NEEDS_MANUAL_REVIEW,PARTIAL_AR_TRANSLATION,2026-08-05,"Selected as major/capital/admin/study-city candidate. Excludes villages/towns by quota/filter, but requires manual review before publishing."
UPSERT,city_au_bendigo,1036537913,AU,AUS,Australia,أستراليا,Oceania,أوقيانوسيا,Australia and New Zealand,أستراليا ونيوزيلندا,AU-VIC,Victoria,,MATCHED_BY_NORMALIZED_NAME,Bendigo,,Bendigo,Bendigo,,MAJOR_CITY,false,false,true,true,NEEDS_REVIEW,NEEDS_REVIEW,-36.7500,144.2667,,103034,MEDIUM_100K_PLUS,20,MANUAL_FILE_SOURCE,https://gist.github.com/Shokr/9bb67b4e1fa696113780586075cc8be5,worldcities.csv public world cities dataset; filtered for official major/study-city candidates,NEEDS_MANUAL_REVIEW,PARTIAL_AR_TRANSLATION,2026-08-05,"Selected as major/capital/admin/study-city candidate. Excludes villages/towns by quota/filter, but requires manual review before publishing."
UPSERT,city_au_mandurah,1036773118,AU,AUS,Australia,أستراليا,Oceania,أوقيانوسيا,Australia and New Zealand,أستراليا ونيوزيلندا,AU-WA,Western Australia,,MATCHED_BY_NORMALIZED_NAME,Mandurah,,Mandurah,Mandurah,,MAJOR_CITY,false,false,true,true,NEEDS_REVIEW,NEEDS_REVIEW,-32.5289,115.7231,,90306,SMALL_MAJOR_50K_PLUS,21,MANUAL_FILE_SOURCE,https://gist.github.com/Shokr/9bb67b4e1fa696113780586075cc8be5,worldcities.csv public world cities dataset; filtered for official major/study-city candidates,NEEDS_MANUAL_REVIEW,PARTIAL_AR_TRANSLATION,2026-08-05,"Selected as major/capital/admin/study-city candidate. Excludes villages/towns by quota/filter, but requires manual review before publishing."
UPSERT,city_au_launceston,1036170383,AU,AUS,Australia,أستراليا,Oceania,أوقيانوسيا,Australia and New Zealand,أستراليا ونيوزيلندا,AU-TAS,Tasmania,,MATCHED_BY_NORMALIZED_NAME,Launceston,,Launceston,Launceston,,MAJOR_CITY,false,false,true,true,NEEDS_REVIEW,NEEDS_REVIEW,-41.4419,147.1450,,80943,SMALL_MAJOR_50K_PLUS,22,MANUAL_FILE_SOURCE,https://gist.github.com/Shokr/9bb67b4e1fa696113780586075cc8be5,worldcities.csv public world cities dataset; filtered for official major/study-city candidates,NEEDS_MANUAL_REVIEW,PARTIAL_AR_TRANSLATION,2026-08-05,"Selected as major/capital/admin/study-city candidate. Excludes villages/towns by quota/filter, but requires manual review before publishing."
UPSERT,city_au_melton,1036007778,AU,AUS,Australia,أستراليا,Oceania,أوقيانوسيا,Australia and New Zealand,أستراليا ونيوزيلندا,AU-VIC,Victoria,,MATCHED_BY_NORMALIZED_NAME,Melton,,Melton,Melton,,MAJOR_CITY,false,false,true,true,NEEDS_REVIEW,NEEDS_REVIEW,-37.6833,144.5833,,76346,SMALL_MAJOR_50K_PLUS,23,MANUAL_FILE_SOURCE,https://gist.github.com/Shokr/9bb67b4e1fa696113780586075cc8be5,worldcities.csv public world cities dataset; filtered for official major/study-city candidates,NEEDS_MANUAL_REVIEW,PARTIAL_AR_TRANSLATION,2026-08-05,"Selected as major/capital/admin/study-city candidate. Excludes villages/towns by quota/filter, but requires manual review before publishing."
UPSERT,city_au_mackay,1036507374,AU,AUS,Australia,أستراليا,Oceania,أوقيانوسيا,Australia and New Zealand,أستراليا ونيوزيلندا,AU-QLD,Queensland,,MATCHED_BY_NORMALIZED_NAME,Mackay,,Mackay,Mackay,,MAJOR_CITY,false,false,true,true,NEEDS_REVIEW,NEEDS_REVIEW,-21.1411,149.1858,,72900,SMALL_MAJOR_50K_PLUS,24,MANUAL_FILE_SOURCE,https://gist.github.com/Shokr/9bb67b4e1fa696113780586075cc8be5,worldcities.csv public world cities dataset; filtered for official major/study-city candidates,NEEDS_MANUAL_REVIEW,PARTIAL_AR_TRANSLATION,2026-08-05,"Selected as major/capital/admin/study-city candidate. Excludes villages/towns by quota/filter, but requires manual review before publishing."
UPSERT,city_au_bunbury,1036561011,AU,AUS,Australia,أستراليا,Oceania,أوقيانوسيا,Australia and New Zealand,أستراليا ونيوزيلندا,AU-WA,Western Australia,,MATCHED_BY_NORMALIZED_NAME,Bunbury,,Bunbury,Bunbury,,MAJOR_CITY,false,false,true,true,NEEDS_REVIEW,NEEDS_REVIEW,-33.3272,115.6369,,71090,SMALL_MAJOR_50K_PLUS,25,MANUAL_FILE_SOURCE,https://gist.github.com/Shokr/9bb67b4e1fa696113780586075cc8be5,worldcities.csv public world cities dataset; filtered for official major/study-city candidates,NEEDS_MANUAL_REVIEW,PARTIAL_AR_TRANSLATION,2026-08-05,"Selected as major/capital/admin/study-city candidate. Excludes villages/towns by quota/filter, but requires manual review before publishing."
UPSERT,city_au_bundaberg,1036377333,AU,AUS,Australia,أستراليا,Oceania,أوقيانوسيا,Australia and New Zealand,أستراليا ونيوزيلندا,AU-QLD,Queensland,,MATCHED_BY_NORMALIZED_NAME,Bundaberg,,Bundaberg,Bundaberg,,MAJOR_CITY,false,false,true,true,NEEDS_REVIEW,NEEDS_REVIEW,-24.8661,152.3494,,70540,SMALL_MAJOR_50K_PLUS,26,MANUAL_FILE_SOURCE,https://gist.github.com/Shokr/9bb67b4e1fa696113780586075cc8be5,worldcities.csv public world cities dataset; filtered for official major/study-city candidates,NEEDS_MANUAL_REVIEW,PARTIAL_AR_TRANSLATION,2026-08-05,"Selected as major/capital/admin/study-city candidate. Excludes villages/towns by quota/filter, but requires manual review before publishing."
UPSERT,city_au_rockhampton,1036768986,AU,AUS,Australia,أستراليا,Oceania,أوقيانوسيا,Australia and New Zealand,أستراليا ونيوزيلندا,AU-QLD,Queensland,,MATCHED_BY_NORMALIZED_NAME,Rockhampton,,Rockhampton,Rockhampton,,MAJOR_CITY,false,false,true,true,NEEDS_REVIEW,NEEDS_REVIEW,-23.3781,150.5136,,63151,SMALL_MAJOR_50K_PLUS,27,MANUAL_FILE_SOURCE,https://gist.github.com/Shokr/9bb67b4e1fa696113780586075cc8be5,worldcities.csv public world cities dataset; filtered for official major/study-city candidates,NEEDS_MANUAL_REVIEW,PARTIAL_AR_TRANSLATION,2026-08-05,"Selected as major/capital/admin/study-city candidate. Excludes villages/towns by quota/filter, but requires manual review before publishing."
UPSERT,city_au_hervey_bay,1036833938,AU,AUS,Australia,أستراليا,Oceania,أوقيانوسيا,Australia and New Zealand,أستراليا ونيوزيلندا,AU-QLD,Queensland,,MATCHED_BY_NORMALIZED_NAME,Hervey Bay,,Hervey Bay,Hervey Bay,,MAJOR_CITY,false,false,true,true,NEEDS_REVIEW,NEEDS_REVIEW,-25.2900,152.8400,,57722,SMALL_MAJOR_50K_PLUS,28,MANUAL_FILE_SOURCE,https://gist.github.com/Shokr/9bb67b4e1fa696113780586075cc8be5,worldcities.csv public world cities dataset; filtered for official major/study-city candidates,NEEDS_MANUAL_REVIEW,PARTIAL_AR_TRANSLATION,2026-08-05,"Selected as major/capital/admin/study-city candidate. Excludes villages/towns by quota/filter, but requires manual review before publishing."
UPSERT,city_au_buderim,1036787785,AU,AUS,Australia,أستراليا,Oceania,أوقيانوسيا,Australia and New Zealand,أستراليا ونيوزيلندا,AU-QLD,Queensland,,MATCHED_BY_NORMALIZED_NAME,Buderim,,Buderim,Buderim,,MAJOR_CITY,false,false,true,true,NEEDS_REVIEW,NEEDS_REVIEW,-26.6847,153.0532,,54483,SMALL_MAJOR_50K_PLUS,29,MANUAL_FILE_SOURCE,https://gist.github.com/Shokr/9bb67b4e1fa696113780586075cc8be5,worldcities.csv public world cities dataset; filtered for official major/study-city candidates,NEEDS_MANUAL_REVIEW,PARTIAL_AR_TRANSLATION,2026-08-05,"Selected as major/capital/admin/study-city candidate. Excludes villages/towns by quota/filter, but requires manual review before publishing."
UPSERT,city_fj_suva,1242615095,FJ,FJI,Fiji,فيجي,Oceania,أوقيانوسيا,Melanesia,ميلانيزيا,FJ-12,Rewa,,MATCHED_BY_NORMALIZED_NAME,Suva,,Suva,Suva,primary,CAPITAL_CITY,true,false,true,true,NEEDS_REVIEW,NEEDS_REVIEW,-18.1416,178.4419,,185913,MEDIUM_100K_PLUS,1,MANUAL_FILE_SOURCE,https://gist.github.com/Shokr/9bb67b4e1fa696113780586075cc8be5,worldcities.csv public world cities dataset; filtered for official major/study-city candidates,NEEDS_MANUAL_REVIEW,PARTIAL_AR_TRANSLATION,2026-08-05,"Selected as major/capital/admin/study-city candidate. Excludes villages/towns by quota/filter, but requires manual review before publishing."
UPSERT,city_fj_nadi,1242357822,FJ,FJI,Fiji,فيجي,Oceania,أوقيانوسيا,Melanesia,ميلانيزيا,FJ-01,Ba,,MATCHED_BY_NORMALIZED_NAME,Nadi,,Nadi,Nadi,,MAJOR_CITY,false,false,true,true,NEEDS_REVIEW,NEEDS_REVIEW,-17.8000,177.4167,,71048,SMALL_MAJOR_50K_PLUS,2,MANUAL_FILE_SOURCE,https://gist.github.com/Shokr/9bb67b4e1fa696113780586075cc8be5,worldcities.csv public world cities dataset; filtered for official major/study-city candidates,NEEDS_MANUAL_REVIEW,PARTIAL_AR_TRANSLATION,2026-08-05,"Selected as major/capital/admin/study-city candidate. Excludes villages/towns by quota/filter, but requires manual review before publishing."
UPSERT,city_fj_nausori,1242640119,FJ,FJI,Fiji,فيجي,Oceania,أوقيانوسيا,Melanesia,ميلانيزيا,FJ-14,Tailevu,,MATCHED_BY_NORMALIZED_NAME,Nausori,,Nausori,Nausori,,MAJOR_CITY,false,false,true,true,NEEDS_REVIEW,NEEDS_REVIEW,-18.0244,178.5454,,57882,SMALL_MAJOR_50K_PLUS,3,MANUAL_FILE_SOURCE,https://gist.github.com/Shokr/9bb67b4e1fa696113780586075cc8be5,worldcities.csv public world cities dataset; filtered for official major/study-city candidates,NEEDS_MANUAL_REVIEW,PARTIAL_AR_TRANSLATION,2026-08-05,"Selected as major/capital/admin/study-city candidate. Excludes villages/towns by quota/filter, but requires manual review before publishing."
UPSERT,city_fj_lautoka,1242457077,FJ,FJI,Fiji,فيجي,Oceania,أوقيانوسيا,Melanesia,ميلانيزيا,FJ-01,Ba,,MATCHED_BY_NORMALIZED_NAME,Lautoka,,Lautoka,Lautoka,,MAJOR_CITY,false,false,true,true,NEEDS_REVIEW,NEEDS_REVIEW,-17.6242,177.4528,,52220,SMALL_MAJOR_50K_PLUS,4,MANUAL_FILE_SOURCE,https://gist.github.com/Shokr/9bb67b4e1fa696113780586075cc8be5,worldcities.csv public world cities dataset; filtered for official major/study-city candidates,NEEDS_MANUAL_REVIEW,PARTIAL_AR_TRANSLATION,2026-08-05,"Selected as major/capital/admin/study-city candidate. Excludes villages/towns by quota/filter, but requires manual review before publishing."
UPSERT,city_ki_tarawa,1296152641,KI,KIR,Kiribati,كيريباتي,Oceania,أوقيانوسيا,Micronesia,ميكرونيزيا,,,,UNMATCHED_REGION_REVIEW,Tarawa,,Tarawa,Tarawa,primary,CAPITAL_CITY,true,false,true,true,NEEDS_REVIEW,NEEDS_REVIEW,1.3382,173.0176,,28802,SMALL_UNDER_50K,1,MANUAL_FILE_SOURCE,https://gist.github.com/Shokr/9bb67b4e1fa696113780586075cc8be5,worldcities.csv public world cities dataset; filtered for official major/study-city candidates,NEEDS_MANUAL_REVIEW,PARTIAL_AR_TRANSLATION,2026-08-05,"Selected as major/capital/admin/study-city candidate. Excludes villages/towns by quota/filter, but requires manual review before publishing."
UPSERT,city_mh_majuro,1584000000,MH,MHL,Marshall Islands,جزر مارشال,Oceania,أوقيانوسيا,Micronesia,ميكرونيزيا,MH-MAJ,Majuro,,MATCHED_BY_NORMALIZED_NAME,Majuro,,Majuro,Majuro,primary,CAPITAL_CITY,true,false,true,true,NEEDS_REVIEW,NEEDS_REVIEW,7.0833,171.3833,,30000,SMALL_UNDER_50K,1,MANUAL_FILE_SOURCE,https://gist.github.com/Shokr/9bb67b4e1fa696113780586075cc8be5,worldcities.csv public world cities dataset; filtered for official major/study-city candidates,NEEDS_MANUAL_REVIEW,PARTIAL_AR_TRANSLATION,2026-08-05,"Selected as major/capital/admin/study-city candidate. Excludes villages/towns by quota/filter, but requires manual review before publishing."
UPSERT,city_fm_weno,1583964118,FM,FSM,"Micronesia, Federated States of",ميكرونيزيا,Oceania,أوقيانوسيا,Micronesia,ميكرونيزيا,FM-TRK,Chuuk,,MATCHED_BY_NORMALIZED_NAME,Weno,,Weno,Weno,admin,ADMIN_CAPITAL,false,true,true,true,NEEDS_REVIEW,NEEDS_REVIEW,7.4417,151.8583,,13856,SMALL_UNDER_50K,1,MANUAL_FILE_SOURCE,https://gist.github.com/Shokr/9bb67b4e1fa696113780586075cc8be5,worldcities.csv public world cities dataset; filtered for official major/study-city candidates,NEEDS_MANUAL_REVIEW,PARTIAL_AR_TRANSLATION,2026-08-05,"Selected as major/capital/admin/study-city candidate. Excludes villages/towns by quota/filter, but requires manual review before publishing."
UPSERT,city_nz_wellington,1554772152,NZ,NZL,New Zealand,نيوزيلندا,Oceania,أوقيانوسيا,Australia and New Zealand,أستراليا ونيوزيلندا,,Wellington,,UNMATCHED_REGION_REVIEW,Wellington,,Wellington,Wellington,primary,CAPITAL_CITY,true,false,true,true,NEEDS_REVIEW,NEEDS_REVIEW,-41.2889,174.7772,,216200,MEDIUM_100K_PLUS,1,MANUAL_FILE_SOURCE,https://gist.github.com/Shokr/9bb67b4e1fa696113780586075cc8be5,worldcities.csv public world cities dataset; filtered for official major/study-city candidates,NEEDS_MANUAL_REVIEW,PARTIAL_AR_TRANSLATION,2026-08-05,"Selected as major/capital/admin/study-city candidate. Excludes villages/towns by quota/filter, but requires manual review before publishing."
UPSERT,city_nz_auckland,1554435911,NZ,NZL,New Zealand,نيوزيلندا,Oceania,أوقيانوسيا,Australia and New Zealand,أستراليا ونيوزيلندا,NZ-AUK,Auckland,,MATCHED_BY_NORMALIZED_NAME,Auckland,,Auckland,Auckland,admin,ADMIN_CAPITAL,false,true,true,true,NEEDS_REVIEW,NEEDS_REVIEW,-36.8406,174.7400,,1346091,LARGE_1M_PLUS,2,MANUAL_FILE_SOURCE,https://gist.github.com/Shokr/9bb67b4e1fa696113780586075cc8be5,worldcities.csv public world cities dataset; filtered for official major/study-city candidates,NEEDS_MANUAL_REVIEW,PARTIAL_AR_TRANSLATION,2026-08-05,"Selected as major/capital/admin/study-city candidate. Excludes villages/towns by quota/filter, but requires manual review before publishing."
UPSERT,city_nz_christchurch,1554377228,NZ,NZL,New Zealand,نيوزيلندا,Oceania,أوقيانوسيا,Australia and New Zealand,أستراليا ونيوزيلندا,NZ-CAN,Canterbury,,MATCHED_BY_NORMALIZED_NAME,Christchurch,,Christchurch,Christchurch,admin,ADMIN_CAPITAL,false,true,true,true,NEEDS_REVIEW,NEEDS_REVIEW,-43.5310,172.6365,,383200,MEDIUM_100K_PLUS,3,MANUAL_FILE_SOURCE,https://gist.github.com/Shokr/9bb67b4e1fa696113780586075cc8be5,worldcities.csv public world cities dataset; filtered for official major/study-city candidates,NEEDS_MANUAL_REVIEW,PARTIAL_AR_TRANSLATION,2026-08-05,"Selected as major/capital/admin/study-city candidate. Excludes villages/towns by quota/filter, but requires manual review before publishing."
UPSERT,city_nz_hamilton,1554873040,NZ,NZL,New Zealand,نيوزيلندا,Oceania,أوقيانوسيا,Australia and New Zealand,أستراليا ونيوزيلندا,NZ-WKO,Waikato,,MATCHED_BY_NORMALIZED_NAME,Hamilton,,Hamilton,Hamilton,admin,ADMIN_CAPITAL,false,true,true,true,NEEDS_REVIEW,NEEDS_REVIEW,-37.7833,175.2833,,176500,MEDIUM_100K_PLUS,4,MANUAL_FILE_SOURCE,https://gist.github.com/Shokr/9bb67b4e1fa696113780586075cc8be5,worldcities.csv public world cities dataset; filtered for official major/study-city candidates,NEEDS_MANUAL_REVIEW,PARTIAL_AR_TRANSLATION,2026-08-05,"Selected as major/capital/admin/study-city candidate. Excludes villages/towns by quota/filter, but requires manual review before publishing."
UPSERT,city_nz_dunedin,1554475997,NZ,NZL,New Zealand,نيوزيلندا,Oceania,أوقيانوسيا,Australia and New Zealand,أستراليا ونيوزيلندا,NZ-OTA,Otago,,MATCHED_BY_NORMALIZED_NAME,Dunedin,,Dunedin,Dunedin,admin,ADMIN_CAPITAL,false,true,true,true,NEEDS_REVIEW,NEEDS_REVIEW,-45.8742,170.5036,,99885,SMALL_MAJOR_50K_PLUS,5,MANUAL_FILE_SOURCE,https://gist.github.com/Shokr/9bb67b4e1fa696113780586075cc8be5,worldcities.csv public world cities dataset; filtered for official major/study-city candidates,NEEDS_MANUAL_REVIEW,PARTIAL_AR_TRANSLATION,2026-08-05,"Selected as major/capital/admin/study-city candidate. Excludes villages/towns by quota/filter, but requires manual review before publishing."
UPSERT,city_nz_palmerston_north,1554138183,NZ,NZL,New Zealand,نيوزيلندا,Oceania,أوقيانوسيا,Australia and New Zealand,أستراليا ونيوزيلندا,,Manawatu-Wanganui,,UNMATCHED_REGION_REVIEW,Palmerston North,,Palmerston North,Palmerston North,admin,ADMIN_CAPITAL,false,true,true,true,NEEDS_REVIEW,NEEDS_REVIEW,-40.3550,175.6117,,76236,SMALL_MAJOR_50K_PLUS,6,MANUAL_FILE_SOURCE,https://gist.github.com/Shokr/9bb67b4e1fa696113780586075cc8be5,worldcities.csv public world cities dataset; filtered for official major/study-city candidates,NEEDS_MANUAL_REVIEW,PARTIAL_AR_TRANSLATION,2026-08-05,"Selected as major/capital/admin/study-city candidate. Excludes villages/towns by quota/filter, but requires manual review before publishing."
UPSERT,city_nz_napier,1554064936,NZ,NZL,New Zealand,نيوزيلندا,Oceania,أوقيانوسيا,Australia and New Zealand,أستراليا ونيوزيلندا,NZ-HKB,Hawke's Bay,,MATCHED_BY_NORMALIZED_NAME,Napier,,Napier,Napier,admin,ADMIN_CAPITAL,false,true,true,true,NEEDS_REVIEW,NEEDS_REVIEW,-39.4903,176.9178,,62241,SMALL_MAJOR_50K_PLUS,7,MANUAL_FILE_SOURCE,https://gist.github.com/Shokr/9bb67b4e1fa696113780586075cc8be5,worldcities.csv public world cities dataset; filtered for official major/study-city candidates,NEEDS_MANUAL_REVIEW,PARTIAL_AR_TRANSLATION,2026-08-05,"Selected as major/capital/admin/study-city candidate. Excludes villages/towns by quota/filter, but requires manual review before publishing."
UPSERT,city_nz_whangarei,1554000636,NZ,NZL,New Zealand,نيوزيلندا,Oceania,أوقيانوسيا,Australia and New Zealand,أستراليا ونيوزيلندا,NZ-NTL,Northland,,MATCHED_BY_NORMALIZED_NAME,Whangarei,,Whangarei,Whangarei,admin,ADMIN_CAPITAL,false,true,true,true,NEEDS_REVIEW,NEEDS_REVIEW,-35.7250,174.3236,,50784,SMALL_MAJOR_50K_PLUS,8,MANUAL_FILE_SOURCE,https://gist.github.com/Shokr/9bb67b4e1fa696113780586075cc8be5,worldcities.csv public world cities dataset; filtered for official major/study-city candidates,NEEDS_MANUAL_REVIEW,PARTIAL_AR_TRANSLATION,2026-08-05,"Selected as major/capital/admin/study-city candidate. Excludes villages/towns by quota/filter, but requires manual review before publishing."
UPSERT,city_nz_invercargill,1554148942,NZ,NZL,New Zealand,نيوزيلندا,Oceania,أوقيانوسيا,Australia and New Zealand,أستراليا ونيوزيلندا,NZ-STL,Southland,,MATCHED_BY_NORMALIZED_NAME,Invercargill,,Invercargill,Invercargill,admin,ADMIN_CAPITAL,false,true,true,true,NEEDS_REVIEW,NEEDS_REVIEW,-46.4131,168.3475,,47625,SMALL_UNDER_50K,9,MANUAL_FILE_SOURCE,https://gist.github.com/Shokr/9bb67b4e1fa696113780586075cc8be5,worldcities.csv public world cities dataset; filtered for official major/study-city candidates,NEEDS_MANUAL_REVIEW,PARTIAL_AR_TRANSLATION,2026-08-05,"Selected as major/capital/admin/study-city candidate. Excludes villages/towns by quota/filter, but requires manual review before publishing."
UPSERT,city_nz_nelson,1554017097,NZ,NZL,New Zealand,نيوزيلندا,Oceania,أوقيانوسيا,Australia and New Zealand,أستراليا ونيوزيلندا,NZ-NSN,Nelson,,MATCHED_BY_NORMALIZED_NAME,Nelson,,Nelson,Nelson,admin,ADMIN_CAPITAL,false,true,true,true,NEEDS_REVIEW,NEEDS_REVIEW,-41.2708,173.2839,,46437,SMALL_UNDER_50K,10,MANUAL_FILE_SOURCE,https://gist.github.com/Shokr/9bb67b4e1fa696113780586075cc8be5,worldcities.csv public world cities dataset; filtered for official major/study-city candidates,NEEDS_MANUAL_REVIEW,PARTIAL_AR_TRANSLATION,2026-08-05,"Selected as major/capital/admin/study-city candidate. Excludes villages/towns by quota/filter, but requires manual review before publishing."
UPSERT,city_nz_gisborne,1554359840,NZ,NZL,New Zealand,نيوزيلندا,Oceania,أوقيانوسيا,Australia and New Zealand,أستراليا ونيوزيلندا,NZ-GIS,Gisborne,,MATCHED_BY_NORMALIZED_NAME,Gisborne,,Gisborne,Gisborne,admin,ADMIN_CAPITAL,false,true,true,true,NEEDS_REVIEW,NEEDS_REVIEW,-38.6625,178.0178,,34527,SMALL_UNDER_50K,11,MANUAL_FILE_SOURCE,https://gist.github.com/Shokr/9bb67b4e1fa696113780586075cc8be5,worldcities.csv public world cities dataset; filtered for official major/study-city candidates,NEEDS_MANUAL_REVIEW,PARTIAL_AR_TRANSLATION,2026-08-05,"Selected as major/capital/admin/study-city candidate. Excludes villages/towns by quota/filter, but requires manual review before publishing."
UPSERT,city_nz_blenheim,1554001426,NZ,NZL,New Zealand,نيوزيلندا,Oceania,أوقيانوسيا,Australia and New Zealand,أستراليا ونيوزيلندا,NZ-MBH,Marlborough,,MATCHED_BY_NORMALIZED_NAME,Blenheim,,Blenheim,Blenheim,admin,ADMIN_CAPITAL,false,true,true,true,NEEDS_REVIEW,NEEDS_REVIEW,-41.5140,173.9600,,26400,SMALL_UNDER_50K,12,MANUAL_FILE_SOURCE,https://gist.github.com/Shokr/9bb67b4e1fa696113780586075cc8be5,worldcities.csv public world cities dataset; filtered for official major/study-city candidates,NEEDS_MANUAL_REVIEW,PARTIAL_AR_TRANSLATION,2026-08-05,"Selected as major/capital/admin/study-city candidate. Excludes villages/towns by quota/filter, but requires manual review before publishing."
UPSERT,city_nz_whakatane,1554253729,NZ,NZL,New Zealand,نيوزيلندا,Oceania,أوقيانوسيا,Australia and New Zealand,أستراليا ونيوزيلندا,NZ-BOP,Bay of Plenty,,MATCHED_BY_NORMALIZED_NAME,Whakatane,,Whakatane,Whakatane,admin,ADMIN_CAPITAL,false,true,true,true,NEEDS_REVIEW,NEEDS_REVIEW,-37.9600,176.9800,,15795,SMALL_UNDER_50K,13,MANUAL_FILE_SOURCE,https://gist.github.com/Shokr/9bb67b4e1fa696113780586075cc8be5,worldcities.csv public world cities dataset; filtered for official major/study-city candidates,NEEDS_MANUAL_REVIEW,PARTIAL_AR_TRANSLATION,2026-08-05,"Selected as major/capital/admin/study-city candidate. Excludes villages/towns by quota/filter, but requires manual review before publishing."
UPSERT,city_nz_richmond,1554001427,NZ,NZL,New Zealand,نيوزيلندا,Oceania,أوقيانوسيا,Australia and New Zealand,أستراليا ونيوزيلندا,NZ-TAS,Tasman,,MATCHED_BY_NORMALIZED_NAME,Richmond,,Richmond,Richmond,admin,ADMIN_CAPITAL,false,true,true,true,NEEDS_REVIEW,NEEDS_REVIEW,-41.3333,173.1833,,15000,SMALL_UNDER_50K,14,MANUAL_FILE_SOURCE,https://gist.github.com/Shokr/9bb67b4e1fa696113780586075cc8be5,worldcities.csv public world cities dataset; filtered for official major/study-city candidates,NEEDS_MANUAL_REVIEW,PARTIAL_AR_TRANSLATION,2026-08-05,"Selected as major/capital/admin/study-city candidate. Excludes villages/towns by quota/filter, but requires manual review before publishing."
UPSERT,city_nz_manukau_city,1554797148,NZ,NZL,New Zealand,نيوزيلندا,Oceania,أوقيانوسيا,Australia and New Zealand,أستراليا ونيوزيلندا,NZ-AUK,Auckland,,MATCHED_BY_NORMALIZED_NAME,Manukau City,,Manukau City,Manukau City,,MAJOR_CITY,false,false,true,true,NEEDS_REVIEW,NEEDS_REVIEW,-37.0000,174.8850,,375600,MEDIUM_100K_PLUS,15,MANUAL_FILE_SOURCE,https://gist.github.com/Shokr/9bb67b4e1fa696113780586075cc8be5,worldcities.csv public world cities dataset; filtered for official major/study-city candidates,NEEDS_MANUAL_REVIEW,PARTIAL_AR_TRANSLATION,2026-08-05,"Selected as major/capital/admin/study-city candidate. Excludes villages/towns by quota/filter, but requires manual review before publishing."
UPSERT,city_nz_northcote,1554717659,NZ,NZL,New Zealand,نيوزيلندا,Oceania,أوقيانوسيا,Australia and New Zealand,أستراليا ونيوزيلندا,NZ-AUK,Auckland,,MATCHED_BY_NORMALIZED_NAME,Northcote,,Northcote,Northcote,,MAJOR_CITY,false,false,true,true,NEEDS_REVIEW,NEEDS_REVIEW,-36.8019,174.7494,,205605,MEDIUM_100K_PLUS,16,MANUAL_FILE_SOURCE,https://gist.github.com/Shokr/9bb67b4e1fa696113780586075cc8be5,worldcities.csv public world cities dataset; filtered for official major/study-city candidates,NEEDS_MANUAL_REVIEW,PARTIAL_AR_TRANSLATION,2026-08-05,"Selected as major/capital/admin/study-city candidate. Excludes villages/towns by quota/filter, but requires manual review before publishing."
UPSERT,city_nz_tauranga,1554759867,NZ,NZL,New Zealand,نيوزيلندا,Oceania,أوقيانوسيا,Australia and New Zealand,أستراليا ونيوزيلندا,NZ-BOP,Bay of Plenty,,MATCHED_BY_NORMALIZED_NAME,Tauranga,,Tauranga,Tauranga,,MAJOR_CITY,false,false,true,true,NEEDS_REVIEW,NEEDS_REVIEW,-37.6833,176.1667,,151300,MEDIUM_100K_PLUS,17,MANUAL_FILE_SOURCE,https://gist.github.com/Shokr/9bb67b4e1fa696113780586075cc8be5,worldcities.csv public world cities dataset; filtered for official major/study-city candidates,NEEDS_MANUAL_REVIEW,PARTIAL_AR_TRANSLATION,2026-08-05,"Selected as major/capital/admin/study-city candidate. Excludes villages/towns by quota/filter, but requires manual review before publishing."
UPSERT,city_nz_lower_hutt,1554623632,NZ,NZL,New Zealand,نيوزيلندا,Oceania,أوقيانوسيا,Australia and New Zealand,أستراليا ونيوزيلندا,,Wellington,,UNMATCHED_REGION_REVIEW,Lower Hutt,,Lower Hutt,Lower Hutt,,MAJOR_CITY,false,false,true,true,NEEDS_REVIEW,NEEDS_REVIEW,-41.2167,174.9167,,103400,MEDIUM_100K_PLUS,18,MANUAL_FILE_SOURCE,https://gist.github.com/Shokr/9bb67b4e1fa696113780586075cc8be5,worldcities.csv public world cities dataset; filtered for official major/study-city candidates,NEEDS_MANUAL_REVIEW,PARTIAL_AR_TRANSLATION,2026-08-05,"Selected as major/capital/admin/study-city candidate. Excludes villages/towns by quota/filter, but requires manual review before publishing."
UPSERT,city_nz_new_plymouth,1554939405,NZ,NZL,New Zealand,نيوزيلندا,Oceania,أوقيانوسيا,Australia and New Zealand,أستراليا ونيوزيلندا,NZ-TKI,Taranaki,,MATCHED_BY_NORMALIZED_NAME,New Plymouth,,New Plymouth,New Plymouth,,MAJOR_CITY,false,false,true,true,NEEDS_REVIEW,NEEDS_REVIEW,-39.0578,174.0742,,57600,SMALL_MAJOR_50K_PLUS,19,MANUAL_FILE_SOURCE,https://gist.github.com/Shokr/9bb67b4e1fa696113780586075cc8be5,worldcities.csv public world cities dataset; filtered for official major/study-city candidates,NEEDS_MANUAL_REVIEW,PARTIAL_AR_TRANSLATION,2026-08-05,"Selected as major/capital/admin/study-city candidate. Excludes villages/towns by quota/filter, but requires manual review before publishing."
UPSERT,city_nz_porirua,1554561880,NZ,NZL,New Zealand,نيوزيلندا,Oceania,أوقيانوسيا,Australia and New Zealand,أستراليا ونيوزيلندا,,Wellington,,UNMATCHED_REGION_REVIEW,Porirua,,Porirua,Porirua,,MAJOR_CITY,false,false,true,true,NEEDS_REVIEW,NEEDS_REVIEW,-41.1333,174.8500,,55218,SMALL_MAJOR_50K_PLUS,20,MANUAL_FILE_SOURCE,https://gist.github.com/Shokr/9bb67b4e1fa696113780586075cc8be5,worldcities.csv public world cities dataset; filtered for official major/study-city candidates,NEEDS_MANUAL_REVIEW,PARTIAL_AR_TRANSLATION,2026-08-05,"Selected as major/capital/admin/study-city candidate. Excludes villages/towns by quota/filter, but requires manual review before publishing."
UPSERT,city_nz_rotorua,1554000379,NZ,NZL,New Zealand,نيوزيلندا,Oceania,أوقيانوسيا,Australia and New Zealand,أستراليا ونيوزيلندا,NZ-BOP,Bay of Plenty,,MATCHED_BY_NORMALIZED_NAME,Rotorua,,Rotorua,Rotorua,,MAJOR_CITY,false,false,true,true,NEEDS_REVIEW,NEEDS_REVIEW,-38.1378,176.2514,,54204,SMALL_MAJOR_50K_PLUS,21,MANUAL_FILE_SOURCE,https://gist.github.com/Shokr/9bb67b4e1fa696113780586075cc8be5,worldcities.csv public world cities dataset; filtered for official major/study-city candidates,NEEDS_MANUAL_REVIEW,PARTIAL_AR_TRANSLATION,2026-08-05,"Selected as major/capital/admin/study-city candidate. Excludes villages/towns by quota/filter, but requires manual review before publishing."
UPSERT,city_pg_port_moresby,1598685395,PG,PNG,Papua New Guinea,بابوا غينيا الجديدة,Oceania,أوقيانوسيا,Melanesia,ميلانيزيا,,National Capital,,UNMATCHED_REGION_REVIEW,Port Moresby,,Port Moresby,Port Moresby,primary,CAPITAL_CITY,true,false,true,true,NEEDS_REVIEW,NEEDS_REVIEW,-9.4789,147.1494,,700000,MAJOR_500K_PLUS,1,MANUAL_FILE_SOURCE,https://gist.github.com/Shokr/9bb67b4e1fa696113780586075cc8be5,worldcities.csv public world cities dataset; filtered for official major/study-city candidates,NEEDS_MANUAL_REVIEW,PARTIAL_AR_TRANSLATION,2026-08-05,"Selected as major/capital/admin/study-city candidate. Excludes villages/towns by quota/filter, but requires manual review before publishing."
UPSERT,city_pg_lae,1598466091,PG,PNG,Papua New Guinea,بابوا غينيا الجديدة,Oceania,أوقيانوسيا,Melanesia,ميلانيزيا,PG-MPL,Morobe,,MATCHED_BY_NORMALIZED_NAME,Lae,,Lae,Lae,admin,ADMIN_CAPITAL,false,true,true,true,NEEDS_REVIEW,NEEDS_REVIEW,-6.7303,147.0008,,193000,MEDIUM_100K_PLUS,2,MANUAL_FILE_SOURCE,https://gist.github.com/Shokr/9bb67b4e1fa696113780586075cc8be5,worldcities.csv public world cities dataset; filtered for official major/study-city candidates,NEEDS_MANUAL_REVIEW,PARTIAL_AR_TRANSLATION,2026-08-05,"Selected as major/capital/admin/study-city candidate. Excludes villages/towns by quota/filter, but requires manual review before publishing."
UPSERT,city_pg_popondetta,1598887925,PG,PNG,Papua New Guinea,بابوا غينيا الجديدة,Oceania,أوقيانوسيا,Melanesia,ميلانيزيا,PG-NPP,Northern,,MATCHED_BY_NORMALIZED_NAME,Popondetta,,Popondetta,Popondetta,admin,ADMIN_CAPITAL,false,true,true,true,NEEDS_REVIEW,NEEDS_REVIEW,-8.7656,148.2347,,65000,SMALL_MAJOR_50K_PLUS,3,MANUAL_FILE_SOURCE,https://gist.github.com/Shokr/9bb67b4e1fa696113780586075cc8be5,worldcities.csv public world cities dataset; filtered for official major/study-city candidates,NEEDS_MANUAL_REVIEW,PARTIAL_AR_TRANSLATION,2026-08-05,"Selected as major/capital/admin/study-city candidate. Excludes villages/towns by quota/filter, but requires manual review before publishing."
UPSERT,city_pg_mendi,1598467297,PG,PNG,Papua New Guinea,بابوا غينيا الجديدة,Oceania,أوقيانوسيا,Melanesia,ميلانيزيا,PG-SHM,Southern Highlands,,MATCHED_BY_NORMALIZED_NAME,Mendi,,Mendi,Mendi,admin,ADMIN_CAPITAL,false,true,true,true,NEEDS_REVIEW,NEEDS_REVIEW,-6.1478,143.6572,,56055,SMALL_MAJOR_50K_PLUS,4,MANUAL_FILE_SOURCE,https://gist.github.com/Shokr/9bb67b4e1fa696113780586075cc8be5,worldcities.csv public world cities dataset; filtered for official major/study-city candidates,NEEDS_MANUAL_REVIEW,PARTIAL_AR_TRANSLATION,2026-08-05,"Selected as major/capital/admin/study-city candidate. Excludes villages/towns by quota/filter, but requires manual review before publishing."
UPSERT,city_pg_mount_hagen,1598400611,PG,PNG,Papua New Guinea,بابوا غينيا الجديدة,Oceania,أوقيانوسيا,Melanesia,ميلانيزيا,PG-WHM,Western Highlands,,MATCHED_BY_NORMALIZED_NAME,Mount Hagen,,Mount Hagen,Mount Hagen,admin,ADMIN_CAPITAL,false,true,true,true,NEEDS_REVIEW,NEEDS_REVIEW,-5.8600,144.2400,,29765,SMALL_UNDER_50K,5,MANUAL_FILE_SOURCE,https://gist.github.com/Shokr/9bb67b4e1fa696113780586075cc8be5,worldcities.csv public world cities dataset; filtered for official major/study-city candidates,NEEDS_MANUAL_REVIEW,PARTIAL_AR_TRANSLATION,2026-08-05,"Selected as major/capital/admin/study-city candidate. Excludes villages/towns by quota/filter, but requires manual review before publishing."
UPSERT,city_pg_madang,1598116558,PG,PNG,Papua New Guinea,بابوا غينيا الجديدة,Oceania,أوقيانوسيا,Melanesia,ميلانيزيا,PG-MPM,Madang,,MATCHED_BY_NORMALIZED_NAME,Madang,,Madang,Madang,admin,ADMIN_CAPITAL,false,true,true,true,NEEDS_REVIEW,NEEDS_REVIEW,-5.2167,145.8000,,29339,SMALL_UNDER_50K,6,MANUAL_FILE_SOURCE,https://gist.github.com/Shokr/9bb67b4e1fa696113780586075cc8be5,worldcities.csv public world cities dataset; filtered for official major/study-city candidates,NEEDS_MANUAL_REVIEW,PARTIAL_AR_TRANSLATION,2026-08-05,"Selected as major/capital/admin/study-city candidate. Excludes villages/towns by quota/filter, but requires manual review before publishing."
UPSERT,city_pg_kimbe,1598372456,PG,PNG,Papua New Guinea,بابوا غينيا الجديدة,Oceania,أوقيانوسيا,Melanesia,ميلانيزيا,PG-WBK,West New Britain,,MATCHED_BY_NORMALIZED_NAME,Kimbe,,Kimbe,Kimbe,admin,ADMIN_CAPITAL,false,true,true,true,NEEDS_REVIEW,NEEDS_REVIEW,-5.5575,150.1550,,27191,SMALL_UNDER_50K,7,MANUAL_FILE_SOURCE,https://gist.github.com/Shokr/9bb67b4e1fa696113780586075cc8be5,worldcities.csv public world cities dataset; filtered for official major/study-city candidates,NEEDS_MANUAL_REVIEW,PARTIAL_AR_TRANSLATION,2026-08-05,"Selected as major/capital/admin/study-city candidate. Excludes villages/towns by quota/filter, but requires manual review before publishing."
UPSERT,city_pg_wewak,1598405100,PG,PNG,Papua New Guinea,بابوا غينيا الجديدة,Oceania,أوقيانوسيا,Melanesia,ميلانيزيا,PG-ESW,East Sepik,,MATCHED_BY_NORMALIZED_NAME,Wewak,,Wewak,Wewak,admin,ADMIN_CAPITAL,false,true,true,true,NEEDS_REVIEW,NEEDS_REVIEW,-3.5500,143.6333,,25143,SMALL_UNDER_50K,8,MANUAL_FILE_SOURCE,https://gist.github.com/Shokr/9bb67b4e1fa696113780586075cc8be5,worldcities.csv public world cities dataset; filtered for official major/study-city candidates,NEEDS_MANUAL_REVIEW,PARTIAL_AR_TRANSLATION,2026-08-05,"Selected as major/capital/admin/study-city candidate. Excludes villages/towns by quota/filter, but requires manual review before publishing."
UPSERT,city_pg_goroka,1598928169,PG,PNG,Papua New Guinea,بابوا غينيا الجديدة,Oceania,أوقيانوسيا,Melanesia,ميلانيزيا,PG-EHG,Eastern Highlands,,MATCHED_BY_NORMALIZED_NAME,Goroka,,Goroka,Goroka,admin,ADMIN_CAPITAL,false,true,true,true,NEEDS_REVIEW,NEEDS_REVIEW,-6.0833,145.3833,,21507,SMALL_UNDER_50K,9,MANUAL_FILE_SOURCE,https://gist.github.com/Shokr/9bb67b4e1fa696113780586075cc8be5,worldcities.csv public world cities dataset; filtered for official major/study-city candidates,NEEDS_MANUAL_REVIEW,PARTIAL_AR_TRANSLATION,2026-08-05,"Selected as major/capital/admin/study-city candidate. Excludes villages/towns by quota/filter, but requires manual review before publishing."
UPSERT,city_pg_kokopo,1598823962,PG,PNG,Papua New Guinea,بابوا غينيا الجديدة,Oceania,أوقيانوسيا,Melanesia,ميلانيزيا,PG-EBR,East New Britain,,MATCHED_BY_NORMALIZED_NAME,Kokopo,,Kokopo,Kokopo,admin,ADMIN_CAPITAL,false,true,true,true,NEEDS_REVIEW,NEEDS_REVIEW,-4.3500,152.2736,,20262,SMALL_UNDER_50K,10,MANUAL_FILE_SOURCE,https://gist.github.com/Shokr/9bb67b4e1fa696113780586075cc8be5,worldcities.csv public world cities dataset; filtered for official major/study-city candidates,NEEDS_MANUAL_REVIEW,PARTIAL_AR_TRANSLATION,2026-08-05,"Selected as major/capital/admin/study-city candidate. Excludes villages/towns by quota/filter, but requires manual review before publishing."
UPSERT,city_pg_kavieng,1598946326,PG,PNG,Papua New Guinea,بابوا غينيا الجديدة,Oceania,أوقيانوسيا,Melanesia,ميلانيزيا,PG-NIK,New Ireland,,MATCHED_BY_NORMALIZED_NAME,Kavieng,,Kavieng,Kavieng,admin,ADMIN_CAPITAL,false,true,true,true,NEEDS_REVIEW,NEEDS_REVIEW,-2.5667,150.8000,,19849,SMALL_UNDER_50K,11,MANUAL_FILE_SOURCE,https://gist.github.com/Shokr/9bb67b4e1fa696113780586075cc8be5,worldcities.csv public world cities dataset; filtered for official major/study-city candidates,NEEDS_MANUAL_REVIEW,PARTIAL_AR_TRANSLATION,2026-08-05,"Selected as major/capital/admin/study-city candidate. Excludes villages/towns by quota/filter, but requires manual review before publishing."
UPSERT,city_pg_alotau,1598284215,PG,PNG,Papua New Guinea,بابوا غينيا الجديدة,Oceania,أوقيانوسيا,Melanesia,ميلانيزيا,PG-MBA,Milne Bay,,MATCHED_BY_NORMALIZED_NAME,Alotau,,Alotau,Alotau,admin,ADMIN_CAPITAL,false,true,true,true,NEEDS_REVIEW,NEEDS_REVIEW,-10.3167,150.4333,,15939,SMALL_UNDER_50K,12,MANUAL_FILE_SOURCE,https://gist.github.com/Shokr/9bb67b4e1fa696113780586075cc8be5,worldcities.csv public world cities dataset; filtered for official major/study-city candidates,NEEDS_MANUAL_REVIEW,PARTIAL_AR_TRANSLATION,2026-08-05,"Selected as major/capital/admin/study-city candidate. Excludes villages/towns by quota/filter, but requires manual review before publishing."
UPSERT,city_pg_tari,1598669271,PG,PNG,Papua New Guinea,بابوا غينيا الجديدة,Oceania,أوقيانوسيا,Melanesia,ميلانيزيا,PG-HLA,Hela,,MATCHED_BY_NORMALIZED_NAME,Tari,,Tari,Tari,admin,ADMIN_CAPITAL,false,true,true,true,NEEDS_REVIEW,NEEDS_REVIEW,-5.8489,142.9506,,15413,SMALL_UNDER_50K,13,MANUAL_FILE_SOURCE,https://gist.github.com/Shokr/9bb67b4e1fa696113780586075cc8be5,worldcities.csv public world cities dataset; filtered for official major/study-city candidates,NEEDS_MANUAL_REVIEW,PARTIAL_AR_TRANSLATION,2026-08-05,"Selected as major/capital/admin/study-city candidate. Excludes villages/towns by quota/filter, but requires manual review before publishing."
UPSERT,city_pg_daru,1598923764,PG,PNG,Papua New Guinea,بابوا غينيا الجديدة,Oceania,أوقيانوسيا,Melanesia,ميلانيزيا,PG-WPD,Western,,MATCHED_BY_NORMALIZED_NAME,Daru,,Daru,Daru,admin,ADMIN_CAPITAL,false,true,true,true,NEEDS_REVIEW,NEEDS_REVIEW,-9.0833,143.2000,,12879,SMALL_UNDER_50K,14,MANUAL_FILE_SOURCE,https://gist.github.com/Shokr/9bb67b4e1fa696113780586075cc8be5,worldcities.csv public world cities dataset; filtered for official major/study-city candidates,NEEDS_MANUAL_REVIEW,PARTIAL_AR_TRANSLATION,2026-08-05,"Selected as major/capital/admin/study-city candidate. Excludes villages/towns by quota/filter, but requires manual review before publishing."
UPSERT,city_pg_vanimo,1598892363,PG,PNG,Papua New Guinea,بابوا غينيا الجديدة,Oceania,أوقيانوسيا,Melanesia,ميلانيزيا,PG-SAN,West Sepik,,MATCHED_BY_NORMALIZED_NAME,Vanimo,,Vanimo,Vanimo,admin,ADMIN_CAPITAL,false,true,true,true,NEEDS_REVIEW,NEEDS_REVIEW,-2.6667,141.2833,,11863,SMALL_UNDER_50K,15,MANUAL_FILE_SOURCE,https://gist.github.com/Shokr/9bb67b4e1fa696113780586075cc8be5,worldcities.csv public world cities dataset; filtered for official major/study-city candidates,NEEDS_MANUAL_REVIEW,PARTIAL_AR_TRANSLATION,2026-08-05,"Selected as major/capital/admin/study-city candidate. Excludes villages/towns by quota/filter, but requires manual review before publishing."
UPSERT,city_pg_kundiawa,1598730976,PG,PNG,Papua New Guinea,بابوا غينيا الجديدة,Oceania,أوقيانوسيا,Melanesia,ميلانيزيا,PG-CPK,Chimbu,,MATCHED_BY_NORMALIZED_NAME,Kundiawa,,Kundiawa,Kundiawa,admin,ADMIN_CAPITAL,false,true,true,true,NEEDS_REVIEW,NEEDS_REVIEW,-6.0167,144.9667,,11553,SMALL_UNDER_50K,16,MANUAL_FILE_SOURCE,https://gist.github.com/Shokr/9bb67b4e1fa696113780586075cc8be5,worldcities.csv public world cities dataset; filtered for official major/study-city candidates,NEEDS_MANUAL_REVIEW,PARTIAL_AR_TRANSLATION,2026-08-05,"Selected as major/capital/admin/study-city candidate. Excludes villages/towns by quota/filter, but requires manual review before publishing."
UPSERT,city_ws_apia,1882489296,WS,WSM,Samoa,ساموا,Oceania,أوقيانوسيا,Polynesia,بولينيزيا,WS-TU,Tuamasaga,,MATCHED_BY_NORMALIZED_NAME,Apia,,Apia,Apia,primary,CAPITAL_CITY,true,false,true,true,NEEDS_REVIEW,NEEDS_REVIEW,-13.8333,-171.7500,,37708,SMALL_UNDER_50K,1,MANUAL_FILE_SOURCE,https://gist.github.com/Shokr/9bb67b4e1fa696113780586075cc8be5,worldcities.csv public world cities dataset; filtered for official major/study-city candidates,NEEDS_MANUAL_REVIEW,PARTIAL_AR_TRANSLATION,2026-08-05,"Selected as major/capital/admin/study-city candidate. Excludes villages/towns by quota/filter, but requires manual review before publishing."
UPSERT,city_sb_honiara,1090737486,SB,SLB,Solomon Islands,جزر سليمان,Oceania,أوقيانوسيا,Melanesia,ميلانيزيا,,Honiara,,UNMATCHED_REGION_REVIEW,Honiara,,Honiara,Honiara,primary,CAPITAL_CITY,true,false,true,true,NEEDS_REVIEW,NEEDS_REVIEW,-9.4319,159.9556,,84520,SMALL_MAJOR_50K_PLUS,1,MANUAL_FILE_SOURCE,https://gist.github.com/Shokr/9bb67b4e1fa696113780586075cc8be5,worldcities.csv public world cities dataset; filtered for official major/study-city candidates,NEEDS_MANUAL_REVIEW,PARTIAL_AR_TRANSLATION,2026-08-05,"Selected as major/capital/admin/study-city candidate. Excludes villages/towns by quota/filter, but requires manual review before publishing."
UPSERT,city_to_nukualofa,1776737461,TO,TON,Tonga,تونغا,Oceania,أوقيانوسيا,Polynesia,بولينيزيا,TO-04,Tongatapu,,MATCHED_BY_NORMALIZED_NAME,Nuku`alofa,,Nuku‘alofa,Nuku`alofa,primary,CAPITAL_CITY,true,false,true,true,NEEDS_REVIEW,NEEDS_REVIEW,-21.1333,-175.2000,,23221,SMALL_UNDER_50K,1,MANUAL_FILE_SOURCE,https://gist.github.com/Shokr/9bb67b4e1fa696113780586075cc8be5,worldcities.csv public world cities dataset; filtered for official major/study-city candidates,NEEDS_MANUAL_REVIEW,PARTIAL_AR_TRANSLATION,2026-08-05,"Selected as major/capital/admin/study-city candidate. Excludes villages/towns by quota/filter, but requires manual review before publishing."
UPSERT,city_vu_port_vila,1548805075,VU,VUT,Vanuatu,فانواتو,Oceania,أوقيانوسيا,Melanesia,ميلانيزيا,VU-SEE,Shéfa,,MATCHED_BY_NORMALIZED_NAME,Port-Vila,,Port-Vila,Port-Vila,primary,CAPITAL_CITY,true,false,true,true,NEEDS_REVIEW,NEEDS_REVIEW,-17.7333,168.3167,,49034,SMALL_UNDER_50K,1,MANUAL_FILE_SOURCE,https://gist.github.com/Shokr/9bb67b4e1fa696113780586075cc8be5,worldcities.csv public world cities dataset; filtered for official major/study-city candidates,NEEDS_MANUAL_REVIEW,PARTIAL_AR_TRANSLATION,2026-08-05,"Selected as major/capital/admin/study-city candidate. Excludes villages/towns by quota/filter, but requires manual review before publishing."
UPSERT,city_vu_luganville,1548569362,VU,VUT,Vanuatu,فانواتو,Oceania,أوقيانوسيا,Melanesia,ميلانيزيا,VU-SAM,Sanma,,MATCHED_BY_NORMALIZED_NAME,Luganville,,Luganville,Luganville,admin,ADMIN_CAPITAL,false,true,true,true,NEEDS_REVIEW,NEEDS_REVIEW,-15.5333,167.1667,,18062,SMALL_UNDER_50K,2,MANUAL_FILE_SOURCE,https://gist.github.com/Shokr/9bb67b4e1fa696113780586075cc8be5,worldcities.csv public world cities dataset; filtered for official major/study-city candidates,NEEDS_MANUAL_REVIEW,PARTIAL_AR_TRANSLATION,2026-08-05,"Selected as major/capital/admin/study-city candidate. Excludes villages/towns by quota/filter, but requires manual review before publishing."
